student_id,attendance,assignment_score,midterm_score,study_hours,previous_grade,quiz_scores,participation,sleep_hours,risk_label
S362,83.8,97.3,72.2,4.1,68.7,60.2,80.1,6.2,0
S074,75.0,65.0,57.6,1.1,63.7,44.4,22.9,5.8,1
S375,74.7,95.7,83.1,7.1,76.9,74.8,71.6,6.3,0
S156,44.3,47.9,37.2,2.1,45.2,41.7,40.6,6.3,1
S105,52.6,43.4,36.6,2.4,46.8,54.9,64.6,6.2,1
S395,93.5,81.2,71.0,5.0,87.0,70.3,82.8,6.6,0
S378,75.5,72.1,54.6,5.2,68.3,84.5,76.2,7.2,0
S125,63.8,55.6,65.0,2.1,46.7,52.4,28.7,5.2,1
S069,60.4,58.4,60.5,1.8,44.5,43.7,43.0,6.5,1
S451,78.8,68.2,80.0,2.9,75.1,75.4,60.6,7.5,0
S010,63.1,45.3,32.4,1.0,65.0,53.9,34.4,4.5,1
S195,87.1,65.7,83.1,3.9,75.2,79.1,73.6,7.9,0
S407,73.5,55.0,63.9,3.3,69.4,63.2,88.0,8.3,0
S085,42.9,57.3,65.0,2.7,58.7,50.8,36.3,6.1,1
S372,88.2,82.5,61.2,2.3,55.0,79.6,80.2,7.2,0
S389,81.2,85.9,59.1,3.0,81.6,73.8,86.3,7.1,0
S496,87.1,86.2,70.1,5.7,86.0,88.3,84.4,7.0,0
S031,46.0,36.7,32.2,1.2,54.4,45.6,34.8,4.0,1
S317,99.7,85.3,77.5,4.1,58.8,68.1,69.4,6.6,0
S409,92.3,85.6,60.2,5.1,83.6,83.9,57.3,7.6,0
S491,81.1,68.1,90.4,2.8,84.4,79.1,56.9,5.3,0
S492,85.3,70.9,65.6,3.7,58.8,69.6,80.8,6.5,0
S281,77.5,82.1,64.6,3.3,56.2,71.1,96.6,6.8,0
S357,93.5,59.3,81.5,2.0,55.0,64.3,94.3,5.6,0
S077,56.3,59.0,30.5,0.8,43.3,49.6,44.5,6.7,1
S462,77.4,67.4,78.0,2.9,72.8,76.5,67.9,8.9,0
S498,89.4,74.9,73.9,2.4,69.9,87.9,58.3,6.7,0
S212,79.5,82.4,65.9,5.8,70.6,68.7,62.2,5.7,0
S102,48.7,50.4,57.4,0.7,45.8,39.1,7.7,4.4,1
S335,79.3,74.7,72.0,3.5,75.9,64.2,65.6,6.0,0
S476,85.5,76.8,84.7,2.0,55.0,76.8,76.9,7.2,0
S337,74.5,66.9,79.3,5.2,78.8,60.0,61.5,8.2,0
S441,81.8,83.0,77.1,6.2,71.4,86.2,80.8,7.4,0
S174,60.1,39.4,52.0,2.2,43.2,64.2,46.2,6.9,1
S003,64.7,65.0,56.0,1.5,43.5,47.9,47.4,5.3,1
S334,96.9,69.1,68.2,2.9,85.8,68.7,78.0,5.6,0
S410,78.7,77.2,66.4,5.5,82.8,86.4,72.9,6.3,0
S071,60.4,44.0,65.0,1.1,60.5,31.1,56.6,5.4,1
S210,80.3,88.1,65.4,2.6,93.9,68.0,85.3,7.0,0
S064,37.1,40.1,61.9,2.2,50.8,48.2,47.4,4.2,1
S385,79.5,100.0,74.4,5.3,86.6,59.2,56.4,6.9,0
S094,50.1,42.7,42.8,1.9,36.7,44.5,41.9,4.8,1
S486,93.1,100.0,59.6,4.4,73.1,58.6,67.7,5.0,0
S186,95.3,58.8,82.2,3.1,65.8,76.5,58.2,6.1,0
S034,39.1,54.2,36.6,1.8,31.6,53.4,65.0,4.7,1
S078,50.5,65.0,53.6,2.2,49.0,28.7,28.7,5.3,1
S001,62.5,57.9,48.4,0.1,45.7,65.0,30.6,5.3,1
S012,48.0,53.7,65.0,0.8,50.8,52.6,5.0,7.0,1
S416,82.2,75.9,92.9,4.8,84.0,91.4,84.8,6.9,0
S023,56.0,49.8,64.3,1.3,35.8,46.9,41.2,4.6,1
S073,54.5,40.2,40.5,0.7,59.6,36.0,49.6,5.2,1
S183,97.0,74.8,82.5,4.4,74.2,76.5,50.0,7.2,0
S132,56.0,63.3,30.6,1.5,41.0,56.6,60.9,4.8,1
S411,78.0,74.5,77.5,4.8,88.7,69.6,56.5,5.6,0
S194,97.3,86.6,89.1,3.2,68.1,74.2,76.8,8.1,0
S056,69.0,39.2,52.7,1.8,65.0,37.8,24.4,5.7,1
S149,62.8,65.0,31.7,1.2,44.3,65.0,43.4,3.6,1
S019,41.4,33.1,45.4,2.7,47.6,60.2,33.0,4.3,1
S205,79.2,80.1,66.6,6.0,69.1,89.3,63.3,6.9,0
S079,56.4,60.4,58.8,2.6,51.1,63.8,39.0,4.6,1
S495,77.6,66.8,86.8,4.4,79.5,62.4,76.1,5.0,0
S263,64.4,91.1,90.6,4.6,61.0,69.0,56.7,6.2,0
S324,89.7,82.8,64.3,3.6,67.9,79.8,69.8,7.2,0
S484,80.7,80.1,50.7,4.9,84.8,77.7,73.9,5.9,0
S080,25.2,29.8,19.4,1.8,59.4,43.9,44.9,6.1,1
S040,58.0,44.2,35.9,2.5,64.2,43.8,37.1,5.7,1
S452,94.2,73.6,58.9,5.8,86.6,62.6,62.0,6.2,0
S047,48.1,25.6,20.0,2.8,54.2,31.7,41.2,6.2,1
S239,73.5,78.2,60.0,3.5,67.7,52.5,62.0,6.6,0
S392,85.0,71.1,50.7,3.5,72.2,100.0,74.7,7.6,0
S353,93.6,86.7,64.8,6.2,67.3,74.2,96.8,8.3,0
S342,82.7,75.1,66.8,2.5,65.6,79.1,62.5,6.3,0
S278,73.8,89.1,72.3,5.7,77.5,85.2,70.5,5.8,0
S291,80.8,73.7,59.8,4.0,82.1,80.5,56.0,7.6,0
S318,98.6,86.3,96.3,2.0,88.8,73.6,78.0,6.9,0
S305,70.8,85.0,72.1,2.7,70.3,61.6,88.6,6.1,0
S269,83.8,72.9,74.9,4.8,64.7,82.5,91.1,7.7,0
S070,45.3,33.6,44.9,2.3,65.0,65.0,55.8,5.6,1
S456,86.0,77.1,68.5,5.0,76.6,82.6,79.2,6.4,0
S466,87.9,73.1,80.4,2.4,89.2,76.2,66.0,7.4,0
S155,59.4,55.5,34.9,2.5,65.0,31.7,40.7,7.0,1
S083,75.0,39.5,40.2,0.5,56.6,50.9,64.2,5.5,1
S478,88.3,87.4,80.2,2.1,69.9,66.1,77.3,8.4,0
S173,53.8,31.1,34.7,0.5,35.4,24.5,49.5,4.3,1
S322,72.0,72.9,77.1,7.6,68.1,78.1,81.8,7.3,0
S091,56.5,33.0,49.4,1.6,57.2,63.7,35.5,3.9,1
S181,74.4,72.8,62.2,2.8,84.5,50.0,70.0,5.9,0
S415,71.3,80.6,89.1,4.7,70.1,78.7,67.2,5.5,0
S313,76.7,82.9,68.8,4.7,90.3,67.4,80.0,6.1,0
S279,82.0,74.0,74.8,2.4,64.0,72.7,65.3,5.0,0
S382,83.2,80.0,82.6,4.5,69.8,51.7,79.7,7.2,0
S473,75.2,88.6,61.6,4.3,61.6,56.5,74.6,7.3,0
S363,78.3,81.4,60.6,2.9,87.9,88.7,62.3,7.0,0
S325,94.3,88.1,77.9,5.1,68.6,62.0,67.7,6.3,0
S432,83.7,61.2,79.3,4.6,83.3,72.3,62.6,8.5,0
S348,84.9,91.0,80.9,3.3,55.0,53.2,60.4,6.5,0
S087,68.7,47.3,65.0,1.5,62.0,62.3,57.8,6.5,1
S076,67.3,32.9,63.2,2.1,33.2,41.9,22.8,4.7,1
S439,75.9,68.6,78.0,2.8,63.4,65.7,76.7,6.7,0
S016,46.6,42.6,38.4,2.2,65.0,55.7,23.2,5.0,1
S250,74.2,75.2,72.3,3.2,69.1,77.8,50.7,5.5,0
S434,71.9,83.6,78.4,4.4,85.4,80.8,55.8,7.8,0
S020,33.8,50.1,33.2,0.0,51.3,63.0,45.2,4.7,1
S323,85.0,71.9,72.2,4.4,65.6,58.8,71.4,7.0,0
S333,74.0,62.7,76.3,4.7,71.7,61.0,71.3,8.0,0
S057,42.4,50.6,29.1,1.2,57.9,65.0,49.2,5.3,1
S302,100.0,92.8,52.7,5.2,86.5,68.3,83.7,5.4,0
S230,87.7,68.1,57.7,3.6,73.3,69.5,77.2,5.0,0
S332,91.1,91.2,89.8,2.9,66.8,77.2,75.9,6.5,0
S133,39.1,40.9,21.5,1.5,40.0,53.3,53.8,6.0,1
S138,50.2,57.9,28.9,1.5,40.0,65.0,36.6,5.6,1
S424,93.9,76.9,79.8,5.7,72.1,79.2,76.0,5.4,0
S336,81.8,77.8,57.0,3.6,68.7,85.3,86.6,6.6,0
S026,56.7,52.3,33.3,1.6,49.8,49.8,32.6,5.9,1
S465,79.4,83.3,64.1,4.6,98.1,68.4,77.5,6.4,0
S282,89.0,77.3,67.5,6.1,73.2,71.6,85.1,6.7,0
S248,80.7,67.0,71.8,3.7,72.2,77.8,77.1,7.2,0
S238,79.9,67.5,72.5,5.0,83.0,84.2,95.9,6.8,0
S118,37.5,40.9,54.6,1.3,62.7,41.8,48.5,6.0,1
S043,53.3,45.2,25.5,0.7,44.5,47.4,50.9,4.4,1
S221,75.5,75.4,71.1,5.3,71.0,59.3,55.4,8.0,0
S177,87.4,69.6,61.6,3.6,84.9,73.9,67.9,7.1,0
S321,86.7,63.9,64.1,4.2,63.0,62.5,95.2,6.6,0
S154,58.5,55.5,51.9,2.2,65.0,53.0,48.1,4.8,1
S232,89.5,74.2,61.2,2.8,76.0,73.4,80.2,6.2,0
S228,84.4,74.6,61.6,3.9,69.3,77.5,74.3,8.1,0
S418,81.2,73.5,73.0,4.1,80.4,68.2,99.6,7.5,0
S204,79.8,56.7,70.3,3.7,66.6,64.2,78.1,6.2,0
S127,40.1,41.3,52.1,2.4,65.0,57.0,14.6,3.3,1
S330,79.7,66.9,60.5,2.6,86.2,77.2,66.0,7.5,0
S032,75.0,54.2,35.6,1.1,40.3,27.3,34.8,7.0,1
S114,75.0,51.4,47.0,0.5,54.4,42.1,15.3,5.0,1
S471,100.0,75.6,85.2,3.2,74.8,74.0,58.6,6.6,0
S272,100.0,75.8,52.8,6.8,79.7,65.9,70.7,6.5,0
S141,58.4,48.3,43.9,1.6,51.4,47.6,41.6,5.3,1
S058,50.4,48.5,42.0,2.0,54.2,26.2,24.2,6.3,1
S193,84.7,75.7,70.4,2.2,82.9,66.1,74.1,8.2,0
S025,46.8,34.3,65.0,1.0,54.1,34.4,54.9,3.6,1
S018,59.7,50.6,44.2,1.9,53.8,58.9,57.4,4.8,1
S266,76.5,66.1,74.0,5.1,80.0,74.5,73.7,7.0,0
S067,53.9,46.6,65.0,1.1,51.6,56.3,65.0,7.0,1
S209,76.2,91.1,50.0,5.0,65.2,60.0,84.3,7.4,0
S480,86.1,70.1,86.5,3.7,79.6,80.3,73.8,6.0,0
S095,49.1,49.6,25.7,1.7,39.0,26.4,37.4,5.3,1
S254,73.1,59.9,80.6,3.1,73.4,82.7,77.3,6.6,0
S267,100.0,55.0,72.6,3.1,68.4,70.1,64.6,6.0,0
S024,33.6,48.7,57.4,1.8,60.9,60.7,20.8,5.8,1
S223,87.9,68.8,59.1,3.7,62.5,74.0,89.9,5.4,0
S262,67.8,76.5,73.2,4.9,66.3,69.2,78.9,7.0,0
S427,85.3,86.2,60.0,5.7,81.8,83.7,63.4,8.0,0
S006,51.5,55.5,30.0,2.0,59.3,65.0,29.9,4.8,1
S117,54.5,42.1,52.6,2.8,55.2,18.5,60.8,5.5,1
S046,44.2,65.0,37.4,1.5,43.3,59.0,38.8,6.8,1
S017,39.8,58.3,47.1,0.6,53.4,51.6,20.6,5.3,1
S463,84.0,67.3,72.6,4.7,74.9,92.9,76.4,7.0,0
S358,71.8,63.7,50.0,4.0,67.9,80.3,70.8,7.6,0
S004,75.0,44.8,41.8,1.7,35.1,44.8,43.9,6.7,1
S219,69.0,76.2,58.3,4.5,79.6,74.3,71.1,6.8,0
S406,86.8,88.7,51.3,3.8,82.7,73.5,97.5,6.7,0
S061,47.8,55.6,54.0,1.7,45.1,38.5,37.1,3.9,1
S111,26.2,24.6,65.0,0.2,49.8,29.9,5.0,5.1,1
S319,77.4,64.1,55.6,3.7,62.3,71.0,65.6,6.6,0
S429,78.5,67.3,75.0,3.5,89.2,72.8,72.0,5.8,0
S030,50.6,31.5,32.7,1.8,42.7,47.5,52.8,7.0,1
S438,60.8,80.2,74.8,5.1,68.7,69.9,69.9,5.7,0
S472,72.0,77.8,66.3,4.7,76.6,63.0,75.1,5.9,0
S027,37.7,54.7,56.2,1.4,52.2,39.9,16.7,6.5,1
S008,66.5,35.1,40.0,1.4,65.0,38.6,57.6,5.4,1
S454,92.0,71.9,80.3,5.2,79.4,61.7,53.5,7.6,0
S109,58.9,33.1,36.2,1.2,65.0,44.4,54.7,7.0,1
S038,25.6,59.4,65.0,2.2,63.8,48.2,43.6,6.1,1
S158,62.1,48.9,31.9,1.1,57.7,50.2,30.1,7.0,1
S490,76.6,57.3,64.4,4.7,68.2,90.0,86.3,6.2,0
S119,72.1,58.2,36.6,0.3,53.0,36.1,48.9,6.9,1
S115,52.1,40.5,42.4,0.5,64.4,45.3,55.3,5.7,1
S176,71.5,85.9,81.9,5.7,77.9,68.1,65.8,7.1,0
S374,82.2,77.4,69.7,3.9,71.1,79.0,58.7,5.5,0
S182,67.8,71.5,66.3,2.9,75.4,65.4,72.9,6.6,0
S145,58.9,46.4,65.0,2.4,54.0,50.5,16.1,4.4,1
S370,60.0,70.3,91.4,3.7,79.1,79.2,88.5,8.0,0
S391,100.0,78.1,86.3,5.5,92.5,72.1,72.6,7.7,0
S196,87.4,77.4,83.6,2.3,93.5,51.5,71.1,6.7,0
S405,90.5,69.0,77.6,3.3,83.9,75.7,59.2,8.6,0
S276,89.8,79.4,69.9,4.9,75.8,79.4,66.3,7.5,0
S455,77.7,56.1,82.2,3.2,76.0,83.0,64.4,6.4,0
S142,74.6,56.2,64.7,1.3,60.1,36.5,20.0,5.5,1
S366,71.3,69.6,73.3,3.5,75.4,89.8,76.0,6.3,0
S068,70.1,54.1,45.6,1.9,65.0,53.5,39.1,5.5,1
S211,84.8,91.4,57.4,5.0,68.7,75.2,65.2,5.6,0
S169,51.3,41.9,45.4,2.0,59.9,44.5,27.5,5.7,1
S494,89.1,76.5,58.6,3.8,69.5,84.3,70.3,7.8,0
S376,80.2,65.8,70.5,2.7,73.5,62.1,65.6,8.2,0
S401,92.8,57.3,59.0,2.0,76.5,78.0,75.4,6.4,0
S273,94.1,72.8,62.1,3.1,56.1,76.9,62.3,6.2,0
S110,53.9,65.0,27.2,0.7,41.3,45.0,35.1,5.7,1
S249,82.1,85.8,68.8,3.1,58.5,70.7,77.0,8.4,0
S146,66.7,49.2,51.5,2.5,57.9,51.8,46.6,5.3,1
S093,44.5,30.8,15.1,2.1,55.3,65.0,37.7,5.1,1
S153,44.8,57.5,24.4,2.9,44.4,46.6,41.8,6.7,1
S368,86.4,68.8,95.7,4.8,81.7,66.8,82.6,8.7,0
S468,90.7,55.0,77.9,2.5,74.7,62.2,60.1,5.1,0
S084,47.2,53.3,54.0,0.1,59.3,52.4,46.8,6.8,1
S246,94.0,67.5,100.0,4.3,71.9,84.8,64.7,6.8,0
S166,61.2,38.1,54.6,1.2,47.3,65.0,58.7,6.1,1
S164,42.7,53.0,31.3,2.1,65.0,47.9,53.4,5.5,1
S200,71.6,85.0,64.6,4.1,93.6,84.0,51.8,6.8,0
S229,100.0,70.7,85.5,5.3,72.5,74.3,70.8,5.8,0
S075,15.7,52.9,53.0,1.8,59.5,48.2,64.5,5.9,1
S479,93.1,77.1,55.6,4.1,92.9,61.1,62.1,7.6,0
S359,82.6,63.1,82.7,4.4,78.6,81.0,57.1,6.3,0
S251,88.5,94.0,78.6,2.9,71.2,64.9,84.8,6.4,0
S120,66.3,52.3,35.9,1.3,64.8,32.0,52.8,6.6,1
S311,66.1,73.7,90.4,4.6,71.0,65.9,65.8,6.0,0
S300,78.3,79.3,62.0,4.4,73.5,63.0,63.4,6.0,0
S256,89.2,59.2,77.3,5.8,82.7,75.6,77.6,5.0,0
S355,73.9,73.9,84.1,3.0,72.1,62.5,59.4,6.6,0
S400,100.0,74.5,59.0,3.4,74.9,53.4,56.8,7.4,0
S226,85.1,61.8,76.5,4.6,91.6,90.2,77.9,7.6,0
S354,74.7,78.7,50.0,4.5,76.9,84.8,50.0,5.9,0
S235,88.7,75.8,79.2,4.3,80.2,70.1,96.6,7.8,0
S383,98.2,70.3,67.0,3.9,62.7,61.3,73.5,5.2,0
S275,87.9,76.7,52.3,4.4,77.0,70.6,67.0,5.2,0
S037,58.1,61.6,48.8,3.2,55.1,47.8,55.5,5.6,1
S197,92.7,84.8,86.8,2.9,68.9,83.6,57.7,6.4,0
S140,36.5,63.7,56.3,0.9,49.4,65.0,25.5,6.9,1
S365,82.9,57.0,80.2,2.9,77.8,79.4,70.1,6.6,0
S245,86.4,77.1,69.7,3.4,72.0,63.4,65.6,6.0,0
S440,95.0,79.3,80.0,4.5,86.2,69.1,80.3,6.2,0
S287,80.1,63.6,75.0,3.5,67.6,81.5,94.8,7.3,0
S060,69.6,65.0,51.2,1.6,60.4,50.7,65.0,4.6,1
S112,54.6,46.2,44.5,2.2,46.7,64.5,65.0,4.8,1
S090,62.7,45.0,43.2,3.5,32.1,43.8,50.5,5.5,1
S437,80.8,82.3,93.5,4.2,67.9,68.7,73.3,8.2,0
S007,75.0,37.7,43.7,0.2,36.6,38.1,39.6,3.9,1
S361,88.9,92.3,80.8,2.8,69.0,83.8,91.1,6.5,0
S347,69.5,72.4,64.2,2.3,78.6,79.1,50.0,8.1,0
S339,90.8,70.3,66.6,2.5,80.8,80.9,51.0,6.0,0
S159,37.1,39.9,44.7,1.9,45.4,53.4,19.0,4.8,1
S151,58.8,33.4,57.0,0.9,44.5,50.7,41.9,5.2,1
S178,93.9,83.1,64.1,2.4,94.1,76.5,77.1,6.8,0
S394,77.7,71.6,65.9,4.1,75.0,82.6,74.7,5.1,0
S185,79.5,83.0,74.3,4.0,89.6,72.6,60.2,7.6,0
S450,98.2,67.6,71.9,5.1,83.1,83.4,94.8,5.7,0
S011,48.0,56.6,51.3,1.5,54.5,65.0,51.6,7.0,1
S381,72.5,62.7,76.4,4.4,81.5,67.8,71.6,7.3,0
S104,43.0,48.8,51.1,1.5,46.5,24.4,20.2,4.0,1
S082,60.4,63.2,15.5,0.9,36.0,49.5,46.3,5.5,1
S039,35.1,55.8,57.3,1.2,65.0,65.0,36.1,4.4,1
S315,60.0,88.0,79.1,3.8,72.4,60.5,52.8,5.7,0
S168,75.0,50.9,30.3,0.6,56.0,59.0,44.2,7.0,1
S470,83.3,62.6,50.0,4.8,64.5,95.2,62.3,8.3,0
S297,87.8,87.7,71.1,3.7,82.5,64.9,71.0,6.8,0
S475,83.8,55.0,67.3,2.8,72.4,83.0,66.8,7.4,0
S199,73.6,76.9,74.4,4.2,88.8,76.3,93.7,7.9,0
S298,79.7,66.3,68.2,3.7,73.5,64.9,72.6,7.2,0
S417,96.1,73.0,83.7,3.1,69.3,63.2,79.2,6.9,0
S147,36.4,55.1,29.5,0.0,55.5,37.5,39.7,7.0,1
S393,74.5,77.7,75.8,3.9,80.7,55.3,84.9,6.2,0
S148,35.2,38.2,41.3,1.2,65.0,44.7,48.3,3.9,1
S448,78.1,66.2,77.5,2.3,60.3,62.5,50.0,7.4,0
S288,74.8,76.1,78.0,3.9,91.4,61.8,73.9,6.1,0
S124,34.0,57.8,63.1,1.3,47.6,37.6,39.1,3.9,1
S369,91.0,73.3,53.2,5.0,76.2,64.6,59.1,7.1,0
S097,59.4,30.8,49.1,1.9,51.5,36.1,23.6,6.1,1
S144,57.8,51.9,31.9,0.0,56.6,40.8,44.8,5.0,1
S240,76.2,88.4,80.9,2.1,76.5,73.4,65.4,5.7,0
S443,77.0,86.9,64.6,3.0,68.3,84.8,68.6,6.4,0
S098,58.9,62.0,30.8,3.0,60.2,55.9,18.4,5.4,1
S408,75.6,100.0,86.3,2.0,65.1,64.9,95.0,5.6,0
S123,75.0,51.7,22.8,1.5,65.0,53.3,41.6,6.6,1
S184,78.8,72.0,75.2,3.9,70.5,62.2,77.5,8.2,0
S203,71.0,68.5,86.4,3.3,87.4,69.1,60.4,6.1,0
S247,75.9,71.8,81.4,4.4,66.5,82.4,71.1,5.0,0
S306,83.4,68.3,69.7,3.0,57.0,55.7,68.4,7.5,0
S299,72.4,84.7,73.8,4.9,59.9,70.9,59.3,6.0,0
S352,65.8,71.7,89.0,2.0,64.6,76.3,69.6,7.5,0
S387,66.4,77.5,76.9,2.4,77.6,82.1,62.9,5.0,0
S396,83.1,71.3,76.2,2.0,66.8,79.7,68.4,8.0,0
S285,96.8,68.9,78.7,3.3,68.5,72.4,57.9,7.5,0
S126,75.0,38.1,40.5,3.0,65.0,63.2,35.8,4.1,1
S303,97.4,63.1,74.2,3.6,73.4,50.0,50.0,5.8,0
S224,94.4,76.9,53.4,3.9,77.9,88.3,99.3,5.2,0
S419,86.5,73.1,62.3,4.5,72.1,74.3,54.2,7.9,0
S220,86.0,80.5,84.5,2.4,55.0,78.9,95.7,6.9,0
S130,47.4,47.7,59.7,3.6,48.6,54.1,23.4,4.8,1
S421,86.3,80.9,78.3,4.8,62.5,69.8,85.8,8.9,0
S290,81.2,72.9,91.0,2.0,92.3,69.3,74.1,8.3,0
S445,87.5,78.5,58.8,2.7,76.7,59.9,82.7,6.6,0
S377,95.7,55.0,90.1,5.8,69.8,63.5,53.2,8.0,0
S292,97.1,56.2,62.3,3.2,78.8,50.7,67.1,6.6,0
S356,84.0,79.5,63.8,4.6,55.0,65.2,90.0,6.8,0
S295,100.0,76.6,77.6,2.5,55.0,76.3,69.4,7.0,0
S397,67.6,78.8,66.2,3.3,81.5,76.4,87.7,8.4,0
S341,79.2,80.5,75.2,3.1,70.9,67.9,77.7,6.4,0
S113,55.9,55.1,34.2,1.6,65.0,56.4,19.2,5.1,1
S180,92.0,93.4,55.8,4.3,76.5,72.3,64.9,6.9,0
S308,85.2,72.5,69.8,5.5,89.6,73.1,67.7,5.0,0
S433,95.2,68.7,69.8,4.2,71.6,50.5,85.0,7.9,0
S488,60.3,69.9,53.7,2.2,61.1,70.5,76.5,6.5,0
S482,88.7,65.3,67.6,3.6,78.9,56.5,72.1,8.6,0
S423,91.9,81.6,88.8,4.1,55.0,80.8,84.1,6.7,0
S234,94.9,82.6,68.1,3.8,62.7,60.8,69.3,7.1,0
S312,87.1,83.1,54.9,4.7,93.0,76.6,90.4,7.4,0
S165,69.5,41.2,35.9,1.9,44.6,58.6,35.6,4.6,1
S137,43.3,61.2,34.9,1.1,65.0,47.6,25.3,6.2,1
S198,78.4,80.0,73.1,2.8,63.4,68.6,89.4,7.3,0
S259,78.0,59.2,79.1,4.6,63.6,76.5,70.8,7.3,0
S233,85.8,60.0,79.7,4.0,66.4,52.3,73.5,5.0,0
S116,59.5,45.5,40.9,1.2,34.2,47.7,65.0,5.7,1
S121,66.9,39.7,40.1,1.3,45.8,41.3,51.4,3.7,1
S350,86.7,72.0,64.2,6.5,73.7,76.4,65.0,5.6,0
S225,82.2,67.6,81.8,2.2,72.0,64.7,67.1,6.4,0
S403,94.8,65.9,58.2,3.2,76.1,78.4,64.3,8.7,0
S398,91.2,74.7,63.9,4.3,72.1,64.7,75.8,7.7,0
S128,46.5,57.0,48.4,1.3,45.7,45.8,38.5,6.1,1
S286,70.6,78.6,58.7,5.0,72.8,76.4,92.3,6.4,0
S412,72.4,77.9,81.4,2.6,68.0,72.5,63.7,7.2,0
S108,57.6,65.0,29.5,1.4,46.3,32.4,65.0,5.2,1
S371,71.9,55.2,73.3,4.0,100.0,61.5,75.8,5.6,0
S326,81.0,89.0,93.7,4.6,68.5,64.5,86.2,8.2,0
S134,62.1,54.6,46.8,1.7,42.8,58.6,16.4,3.7,1
S453,97.2,67.1,67.4,4.6,65.5,74.2,81.2,9.0,0
S045,32.8,49.0,60.5,1.2,58.2,47.5,51.0,7.0,1
S461,93.9,58.9,78.9,2.6,64.4,60.2,75.2,6.3,0
S066,75.0,38.5,33.5,1.6,43.6,28.4,45.5,6.0,1
S284,82.9,77.9,87.4,3.1,83.2,86.9,72.2,5.8,0
S086,47.5,36.9,45.0,2.0,65.0,53.4,54.5,5.5,1
S243,85.9,73.4,60.1,2.4,78.5,71.1,74.5,7.3,0
S187,87.6,64.5,70.4,3.7,89.3,68.6,51.8,9.0,0
S384,85.2,73.9,50.0,5.5,69.5,91.1,70.6,6.1,0
S160,64.8,59.7,32.4,0.5,59.6,38.7,65.0,6.4,1
S013,58.6,47.1,42.5,1.2,45.5,40.3,57.2,4.8,1
S036,36.7,54.9,46.1,1.7,57.7,41.0,46.5,6.2,1
S029,46.0,60.6,65.0,1.7,45.5,61.6,62.5,5.9,1
S171,41.7,50.8,20.6,1.3,49.9,56.5,22.2,5.7,1
S143,30.9,44.3,45.1,2.7,38.5,38.7,31.0,4.4,1
S399,75.3,86.3,72.4,5.4,73.4,74.3,74.3,7.4,0
S343,87.2,70.6,71.2,3.7,65.1,94.8,77.1,8.0,0
S222,76.7,92.0,80.0,5.4,76.4,89.0,78.1,8.7,0
S096,33.0,65.0,53.4,0.9,64.6,46.7,40.2,5.6,1
S052,49.2,48.8,35.6,1.7,35.8,37.7,5.0,7.0,1
S241,87.9,56.2,65.8,6.1,82.2,53.8,70.2,6.3,0
S485,72.3,85.6,76.9,4.4,69.3,86.0,98.6,7.2,0
S379,74.0,86.0,71.9,4.3,77.3,79.8,100.0,5.5,0
S179,89.2,78.7,68.4,3.5,84.2,66.9,72.9,8.2,0
S042,57.6,38.7,50.9,0.0,36.6,52.9,39.4,5.4,1
S499,88.2,71.7,78.0,4.7,85.5,78.8,81.8,8.6,0
S422,80.1,55.0,77.0,4.9,74.9,63.3,60.3,7.2,0
S207,90.2,73.6,79.2,2.4,90.9,66.4,86.3,6.5,0
S283,91.6,84.5,68.2,6.4,65.7,54.7,67.5,6.0,0
S255,77.6,57.0,80.6,4.8,78.8,64.7,85.2,6.3,0
S413,86.2,80.2,69.0,3.8,71.7,63.0,61.0,8.0,0
S005,51.5,65.0,43.7,0.8,33.3,60.4,31.7,7.0,1
S257,78.3,77.7,72.2,3.3,67.5,59.1,88.2,7.1,0
S449,72.8,73.4,92.1,4.0,93.9,60.5,72.6,6.7,0
S101,33.8,53.5,43.1,1.1,63.3,20.4,25.1,3.1,1
S227,99.0,68.9,61.2,4.7,89.7,79.8,78.8,7.5,0
S430,85.4,79.1,95.9,3.4,64.5,77.5,81.4,7.2,0
S214,86.9,59.0,66.6,2.9,89.5,66.7,82.3,5.0,0
S172,42.8,30.6,51.6,1.8,42.4,53.5,44.6,3.9,1
S099,55.1,48.1,36.8,2.6,52.3,36.5,63.9,6.1,1
S293,88.3,69.5,56.9,3.4,77.7,71.0,73.6,7.3,0
S216,88.6,66.6,75.9,4.3,78.1,75.2,53.1,6.8,0
S062,52.2,23.7,28.3,1.1,53.5,31.7,43.3,3.3,1
S048,70.9,56.2,63.0,1.8,42.9,46.7,10.0,4.2,1
S033,54.8,54.2,14.3,1.2,56.9,54.7,35.2,6.0,1
S268,76.4,67.8,74.1,4.0,69.9,64.4,73.7,8.3,0
S328,73.2,72.9,80.6,4.7,63.0,67.0,72.5,7.5,0
S201,62.3,55.0,68.2,3.1,74.0,58.3,59.7,8.1,0
S447,78.3,74.7,81.3,3.6,73.3,88.8,76.2,7.5,0
S028,60.6,61.0,46.6,2.4,56.2,45.4,33.6,3.1,1
S425,100.0,74.8,54.0,4.5,57.7,62.8,69.3,6.7,0
S231,64.4,60.9,91.7,4.7,69.5,84.0,50.0,7.9,0
S261,91.3,70.2,65.1,4.1,70.5,60.4,82.7,7.3,0
S289,63.3,74.7,85.7,4.0,70.8,76.7,84.3,7.2,0
S163,72.4,44.1,40.7,1.2,65.0,26.0,29.2,7.0,1
S426,87.8,71.1,84.6,3.0,86.1,85.6,62.1,6.7,0
S139,67.2,57.8,65.0,1.1,63.8,36.0,48.3,4.3,1
S063,38.4,50.2,22.5,0.8,65.0,54.2,53.1,6.1,1
S136,75.0,45.4,24.1,1.0,54.8,62.1,54.1,5.5,1
S129,56.5,55.3,65.0,0.6,47.0,36.6,25.2,6.4,1
S477,86.9,93.0,79.4,4.4,65.4,72.0,78.6,7.5,0
S009,48.0,53.8,48.5,0.5,27.0,58.6,48.2,7.0,1
S327,80.0,69.4,69.7,4.5,82.3,57.3,64.5,5.8,0
S464,84.8,65.6,72.1,2.9,62.7,61.9,70.5,7.8,0
S065,67.2,58.2,48.7,0.8,65.0,37.7,42.3,3.0,1
S301,92.9,68.5,97.1,4.7,91.0,80.4,56.6,5.6,0
S015,29.1,29.8,53.7,1.0,51.5,59.4,34.6,7.0,1
S157,75.0,37.2,35.7,0.6,42.0,23.3,29.5,4.9,1
S041,66.1,57.1,31.4,1.2,29.9,48.6,38.9,3.8,1
S380,77.2,94.6,57.0,6.1,58.8,71.6,50.0,6.8,0
S469,68.5,81.4,65.7,4.7,71.9,83.2,71.6,9.0,0
S404,82.7,68.5,80.0,2.6,89.8,82.6,62.2,6.1,0
S217,93.7,96.7,75.6,4.7,78.6,89.5,62.4,9.0,0
S280,80.3,75.2,56.9,4.8,73.0,67.9,50.0,6.9,0
S435,93.4,84.5,82.7,6.0,62.9,56.4,67.0,7.1,0
S431,79.0,65.3,100.0,4.4,91.5,63.4,62.5,7.7,0
S338,60.0,79.2,82.6,5.1,63.0,80.9,92.5,7.4,0
S237,69.8,71.9,70.0,3.8,66.0,71.4,67.2,6.5,0
S208,90.6,84.5,54.7,5.0,79.6,74.0,74.6,8.4,0
S213,98.1,75.8,70.2,2.7,77.4,71.1,72.9,7.3,0
S296,94.2,64.7,83.8,5.0,71.2,76.7,70.9,6.7,0
S458,73.0,66.8,53.8,5.1,81.3,75.6,69.2,6.8,0
S252,80.8,74.4,57.8,3.0,71.4,80.6,75.0,7.3,0
S489,90.5,74.7,85.4,4.9,60.0,77.0,75.7,8.9,0
S487,80.8,78.9,55.8,4.6,87.3,58.3,63.3,7.6,0
S304,77.1,84.2,96.3,3.3,83.5,68.3,85.8,7.2,0
S351,81.6,82.0,87.9,2.1,64.9,73.9,57.9,6.5,0
S270,97.4,65.1,69.3,3.7,73.7,88.6,80.3,6.4,0
S202,100.0,81.8,79.4,4.2,84.1,64.9,68.6,8.5,0
S162,66.8,38.1,43.3,1.3,33.8,29.1,29.6,7.0,1
S044,50.5,42.2,65.0,0.0,52.3,39.2,40.8,4.6,1
S218,83.8,73.2,79.5,4.4,74.4,72.2,71.1,9.0,0
S402,77.5,87.6,80.2,4.7,72.8,75.0,62.0,6.9,0
S191,91.3,74.0,65.0,2.0,55.0,78.1,95.4,7.5,0
S310,77.3,77.6,50.0,2.4,71.6,75.1,59.9,7.8,0
S260,84.2,84.0,67.8,4.6,69.1,53.3,99.3,7.0,0
S106,61.1,49.4,32.9,0.1,48.3,55.2,55.1,7.0,1
S054,64.2,39.4,44.7,0.3,64.6,65.0,37.9,5.7,1
S390,80.2,76.0,80.2,3.9,80.9,81.4,83.5,7.8,0
S002,52.9,48.2,64.7,0.2,64.6,38.3,45.9,5.6,1
S442,72.0,82.5,82.1,3.7,77.5,50.0,60.2,8.2,0
S483,100.0,79.8,73.7,3.6,58.5,87.9,50.0,9.0,0
S050,28.6,42.3,61.3,2.2,35.1,60.5,45.2,7.0,1
S420,71.4,86.3,62.0,5.7,77.2,78.5,87.1,6.9,0
S081,51.7,42.2,27.4,3.0,54.1,59.5,44.8,4.4,1
S206,85.1,88.7,72.0,5.6,86.3,63.4,98.0,7.3,0
S035,67.3,65.0,33.4,1.2,64.3,65.0,45.7,5.4,1
S264,66.7,84.0,57.1,2.5,69.4,59.9,56.5,7.8,0
S428,83.9,84.5,67.4,4.8,78.7,73.3,96.6,7.5,0
S367,60.0,67.1,79.0,2.8,55.0,55.4,89.4,7.3,0
S092,69.5,65.0,43.5,1.6,54.5,36.2,60.6,4.2,1
S340,89.4,74.9,66.4,4.1,78.1,90.3,77.2,6.7,0
S474,87.1,61.9,80.3,3.4,77.3,74.6,81.4,7.1,0
S053,44.8,35.1,44.1,2.1,40.3,49.9,65.0,6.0,1
S346,89.9,71.3,67.7,4.5,67.6,53.2,78.0,7.8,0
S265,94.6,72.3,54.4,5.0,75.8,75.9,75.5,7.2,0
S242,98.7,76.2,69.3,5.7,73.7,79.6,82.1,7.5,0
S014,26.3,37.8,49.6,2.3,56.8,52.7,13.9,6.2,1
S316,81.7,58.4,52.8,4.4,77.0,54.5,68.1,5.2,0
S089,47.1,35.7,20.2,0.6,51.2,54.2,49.0,6.2,1
S388,90.8,79.7,86.8,3.8,66.7,59.5,50.0,6.8,0
S274,92.2,68.5,70.8,2.3,70.4,68.4,67.3,6.2,0
S167,67.3,50.9,51.0,2.4,55.4,39.0,29.9,4.7,1
S329,73.7,58.2,56.5,6.5,76.2,81.8,72.6,8.2,0
S493,83.9,69.8,51.5,4.0,55.0,61.7,79.1,5.0,0
S135,41.2,45.6,33.4,1.4,51.6,38.0,25.2,5.7,1
S307,64.3,88.9,67.7,7.5,64.8,59.6,50.0,7.0,0
S481,79.6,83.1,75.1,4.8,60.6,81.1,76.4,8.4,0
S320,76.0,70.9,74.3,3.0,76.2,67.8,78.1,5.8,0
S244,70.0,81.7,50.0,4.8,68.8,76.2,56.5,7.2,0
S055,70.5,56.2,37.7,2.4,40.6,44.1,56.6,5.1,1
S364,73.7,80.0,67.1,4.3,70.1,87.2,71.4,6.8,0
S051,59.9,61.1,21.7,0.0,40.9,25.2,55.0,5.7,1
S457,81.8,75.0,71.1,2.7,86.7,77.3,64.4,6.9,0
S175,59.2,45.4,33.3,1.4,51.6,62.9,37.2,4.7,1
S446,79.6,85.7,77.3,3.1,55.0,61.2,55.5,7.9,0
S190,75.6,92.1,75.2,5.2,77.7,69.9,63.5,6.8,0
S497,79.4,75.0,65.4,5.3,69.4,69.2,82.5,5.0,0
S188,86.6,64.3,76.7,2.9,79.0,73.7,50.5,7.3,0
S170,43.7,42.3,54.5,2.0,65.0,42.8,65.0,5.1,1
S059,60.0,40.2,45.7,3.3,41.7,16.4,30.6,6.6,1
S049,60.2,28.6,42.4,1.3,44.7,35.9,53.7,5.1,1
S345,76.7,74.1,69.0,6.9,86.3,56.6,50.0,8.6,0
S236,80.6,60.4,65.5,3.6,80.3,75.1,63.9,6.9,0
S253,86.2,67.9,85.4,3.9,71.6,88.5,88.6,8.3,0
S022,51.6,37.4,51.0,2.0,31.5,42.8,47.2,5.5,1
S314,70.3,57.5,66.8,3.7,96.2,65.1,60.9,7.1,0
S460,70.2,84.4,82.7,4.7,57.5,72.0,77.1,7.2,0
S161,40.4,46.2,47.8,2.1,54.4,65.0,21.3,5.9,1
S277,76.5,64.1,91.9,3.7,100.0,52.9,56.9,5.2,0
S444,90.4,82.1,65.3,3.2,55.8,75.4,86.3,5.0,0
S192,82.6,73.3,50.0,2.9,80.3,73.6,65.7,7.8,0
S386,79.1,60.0,77.2,3.2,68.6,73.9,74.8,7.5,0
S294,71.8,75.9,69.2,5.7,77.9,66.0,66.5,6.8,0
S414,100.0,81.5,64.8,4.0,57.6,83.7,86.9,6.2,0
S344,66.4,73.9,97.2,3.6,79.3,65.8,87.4,5.6,0
S258,99.3,80.1,80.1,4.3,62.0,77.7,78.3,9.0,0
S309,80.5,77.9,88.5,2.4,71.3,85.3,71.2,7.7,0
S150,59.5,35.9,24.6,0.4,45.6,65.0,60.5,7.0,1
S131,31.7,49.4,42.2,1.5,35.9,50.1,42.7,3.0,1
S152,60.2,61.9,65.0,0.6,45.3,45.5,33.6,4.7,1
S360,86.3,76.4,57.5,5.1,55.0,76.5,97.2,6.8,0
S100,51.5,36.2,29.2,2.8,52.4,39.2,27.3,5.6,1
S373,100.0,64.3,56.0,3.6,91.2,85.7,89.6,5.9,0
S088,59.9,10.0,24.7,1.7,57.5,47.6,21.6,7.0,1
S459,85.2,81.6,67.7,4.2,76.9,89.6,80.9,8.1,0
S331,85.7,84.6,77.7,4.6,68.9,81.8,55.5,6.8,0
S215,89.3,72.5,89.4,5.2,82.5,56.9,73.7,8.0,0
S467,77.3,72.4,77.1,5.0,80.0,71.5,69.8,7.3,0
S122,41.4,58.8,11.8,0.0,65.0,65.0,44.2,3.0,1
S500,72.6,76.6,85.4,5.6,55.3,70.6,71.2,7.4,0
S021,75.0,52.6,44.3,0.9,55.7,53.4,39.3,4.0,1
S189,100.0,84.5,70.8,5.1,60.0,62.4,55.7,8.3,0
S072,75.0,42.3,65.0,1.3,45.3,25.2,57.8,6.6,1
S107,75.0,55.9,42.5,2.7,54.7,50.5,29.7,7.0,1
S271,100.0,73.7,89.9,5.3,65.5,67.2,58.3,8.0,0
S349,68.4,80.6,69.8,5.2,68.2,68.3,91.5,6.9,0
S436,95.2,80.1,68.2,5.3,65.8,87.0,72.4,7.4,0
S103,49.9,40.8,30.2,1.4,53.2,13.5,30.4,5.3,1
